------- Client -------
INSERT INTO Client VALUES (1001, 'Jean', 'Martin', 45, TO_DATE('01-03-1977', 'DD-MM-YYYY'), 'H', 'Ingenieur', 55000, 'jean.martin@email.com', 'Paris', 'France', '75', 'N');
INSERT INTO Client VALUES (1002, 'Alice', 'Durand', 38, TO_DATE('15-07-1984', 'DD-MM-YYYY'), 'F', 'Enseignante', 48000, 'alice.durand@email.com', 'Lyon', 'France', '69', 'N');
INSERT INTO Client VALUES (1003, 'Pierre', 'Lopez', 50, TO_DATE('22-09-1972', 'DD-MM-YYYY'), 'H', 'Medecin', 75000, 'pierre.lopez@email.com', 'Marseille', 'France', '13', 'N');
INSERT INTO Client VALUES (1004, 'Sophie', 'Moreau', 29, TO_DATE('08-11-1993', 'DD-MM-YYYY'), 'F', 'Graphiste', 42000, 'sophie.moreau@email.com', 'Toulouse', 'France', '31', 'N');
INSERT INTO Client VALUES (1005, 'Lucas', 'Petit', 35, TO_DATE('14-02-1987', 'DD-MM-YYYY'), 'H', 'Avocat', 68000, 'lucas.petit@email.com', 'Nantes', 'France', '44', 'N');
INSERT INTO Client VALUES (1006, 'Emma', 'Roux', 33, TO_DATE('09-05-1989', 'DD-MM-YYYY'), 'F', 'Commerciale', 56000, 'emma.roux@email.com', 'Strasbourg', 'France', '67', 'N');
INSERT INTO Client VALUES (1007, 'Hugo', 'Vincent', 40, TO_DATE('23-08-1982', 'DD-MM-YYYY'), 'H', 'Chef entreprise', 82000, 'hugo.vincent@email.com', 'Bordeaux', 'France', '33', 'N');
INSERT INTO Client VALUES (1008, 'Julie', 'David', 27, TO_DATE('19-10-1995', 'DD-MM-YYYY'), 'F', 'Architecte', 47000, 'julie.david@email.com', 'Lille', 'France', '59', 'N');
INSERT INTO Client VALUES (1009, 'Antoine', 'Simon', 32, TO_DATE('05-06-1990', 'DD-MM-YYYY'), 'H', 'Informaticien', 64000, 'antoine.simon@email.com', 'Rennes', 'France', '35', 'N');
INSERT INTO Client VALUES (1010, 'Laura', 'Lefebvre', 36, TO_DATE('26-05-1986', 'DD-MM-YYYY'), 'F', 'Journaliste', 52000, 'laura.lefebvre@email.com', 'Reims', 'France', '51', 'N');
INSERT INTO Client VALUES (1011, 'Maxime', 'Garcia', 42, TO_DATE('17-03-1980', 'DD-MM-YYYY'), 'H', 'Photographe', 46000, 'maxime.garcia@email.com', 'Saint-Etienne', 'France', '42', 'N');
INSERT INTO Client VALUES (1012, 'Chloe', 'Perrin', 31, TO_DATE('30-07-1991', 'DD-MM-YYYY'), 'F', 'Designer', 53000, 'chloe.perrin@email.com', 'Le Havre', 'France', '76', 'N');
INSERT INTO Client VALUES (1013, 'Nicolas', 'Martinez', 39, TO_DATE('31-10-1983', 'DD-MM-YYYY'), 'H', 'Directeur Marketing', 71000, 'nicolas.martinez@email.com', 'Toulon', 'France', '83', 'N');
INSERT INTO Client VALUES (1014, 'Sarah', 'Dumont', 28, TO_DATE('13-09-1994', 'DD-MM-YYYY'), 'F', 'Consultante', 50000, 'sarah.dumont@email.com', 'Grenoble', 'France', '38', 'N');
INSERT INTO Client VALUES (1015, 'Florian', 'Lambert', 34, TO_DATE('14-07-1988', 'DD-MM-YYYY'), 'H', 'Banquier', 65000, 'florian.lambert@email.com', 'Dijon', 'France', '21', 'N');
INSERT INTO Client VALUES (1016, 'Anna', 'Bonnet', 37, TO_DATE('08-09-1985', 'DD-MM-YYYY'), 'F', 'Chirurgienne', 96000, 'anna.bonnet@email.com', 'Angers', 'France', '49', 'N');
INSERT INTO Client VALUES (1017, 'Alexandre', 'Bertrand', 41, TO_DATE('19-12-1981', 'DD-MM-YYYY'), 'H', 'Entrepreneur', 85000, 'alexandre.bertrand@email.com', 'Nîmes', 'France', '30', 'N');
INSERT INTO Client VALUES (1018, 'Marine', 'Leroux', 25, TO_DATE('27-04-1997', 'DD-MM-YYYY'), 'F', 'Vétérinaire', 48000, 'marine.leroux@email.com', 'Clermont-Ferrand', 'France', '63', 'N');
INSERT INTO Client VALUES (1019, 'Julien', 'Dupuis', 46, TO_DATE('18-10-1976', 'DD-MM-YYYY'), 'H', 'Chef de projet', 70000, 'julien.dupuis@email.com', 'Limoges', 'France', '87', 'N');
INSERT INTO Client VALUES (1020, 'Elodie', 'Lopez', 30, TO_DATE('02-03-1992', 'DD-MM-YYYY'), 'F', 'Artiste', 44000, 'elodie.lopez@email.com', 'Amiens', 'France', '80', 'N');
INSERT INTO Client VALUES (1021, 'Sebastien', 'Roger', 48, TO_DATE('15-05-1974', 'DD-MM-YYYY'), 'H', 'Ecrivain', 55000, 'sebastien.roger@email.com', 'Brest', 'France', '29', 'N');
INSERT INTO Client VALUES (1022, 'Celine', 'Richard', 26, TO_DATE('06-08-1996', 'DD-MM-YYYY'), 'F', 'Actrice', 62000, 'celine.richard@email.com', 'Tours', 'France', '37', 'N');

------- Employe -------
INSERT INTO Employe VALUES (3222, 'Martin', 'Dupont', 'CHEF', TO_DATE('01-01-2015', 'DD-MM-YYYY'), 4500.00, 5, 35, 'martin.dupont@email.com', TO_DATE('15-03-1985', 'DD-MM-YYYY'));
INSERT INTO Employe VALUES (3223, 'Lucie', 'Moreau', 'MANAGER', TO_DATE('15-06-2016', 'DD-MM-YYYY'), 4000.00, 3, 35, 'lucie.moreau@email.com', TO_DATE('22-07-1987', 'DD-MM-YYYY'));
INSERT INTO Employe VALUES (3224, 'Maxime', 'Bernard', 'POLYVALENT', TO_DATE('10-09-2017', 'DD-MM-YYYY'), 3500.00, 2, 30, 'maxime.bernard@email.com', TO_DATE('08-11-1989', 'DD-MM-YYYY'));
INSERT INTO Employe VALUES (3225, 'Sophie', 'Petit', 'CHEF', TO_DATE('03-03-2018', 'DD-MM-YYYY'), 4700.00, 7, 40, 'sophie.petit@email.com', TO_DATE('14-02-1986', 'DD-MM-YYYY'));
INSERT INTO Employe VALUES (3226, 'Paul', 'Roux', 'MANAGER', TO_DATE('17-07-2019', 'DD-MM-YYYY'), 4200.00, 4, 35, 'paul.roux@email.com', TO_DATE('09-05-1988', 'DD-MM-YYYY'));
INSERT INTO Employe VALUES (3227, 'Julie', 'Vincent', 'POLYVALENT', TO_DATE('20-11-2020', 'DD-MM-YYYY'), 3400.00, 1, 25, 'julie.vincent@email.com', TO_DATE('23-08-1990', 'DD-MM-YYYY'));
INSERT INTO Employe VALUES (3228, 'Pierre', 'David', 'CHEF', TO_DATE('05-05-2021', 'DD-MM-YYYY'), 4600.00, 6, 38, 'pierre.david@email.com', TO_DATE('16-01-1984', 'DD-MM-YYYY'));
INSERT INTO Employe VALUES (3229, 'Marie', 'Leroy', 'MANAGER', TO_DATE('12-10-2022', 'DD-MM-YYYY'), 4100.00, 5, 35, 'marie.leroy@email.com', TO_DATE('29-04-1987', 'DD-MM-YYYY'));
INSERT INTO Employe VALUES (3230, 'Nicolas', 'Simon', 'POLYVALENT', TO_DATE('07-08-2023', 'DD-MM-YYYY'), 3300.00, 2, 28, 'nicolas.simon@email.com', TO_DATE('05-06-1991', 'DD-MM-YYYY'));
INSERT INTO Employe VALUES (3231, 'Camille', 'Laurent', 'CHEF', TO_DATE('18-01-2014', 'DD-MM-YYYY'), 4800.00, 7, 40, 'camille.laurent@email.com', TO_DATE('20-12-1985', 'DD-MM-YYYY'));
INSERT INTO Employe VALUES (3232, 'Thomas', 'Martinez', 'MANAGER', TO_DATE('21-04-2015', 'DD-MM-YYYY'), 3900.00, 3, 35, 'thomas.martinez@email.com', TO_DATE('31-10-1988', 'DD-MM-YYYY'));
INSERT INTO Employe VALUES (3233, 'Anne', 'Garcia', 'POLYVALENT', TO_DATE('24-07-2016', 'DD-MM-YYYY'), 3600.00, 1, 30, 'anne.garcia@email.com', TO_DATE('13-09-1989', 'DD-MM-YYYY'));
INSERT INTO Employe VALUES (3234, 'François', 'Lefebvre', 'CHEF', TO_DATE('27-11-2017', 'DD-MM-YYYY'), 4500.00, 6, 38, 'francois.lefebvre@email.com', TO_DATE('17-03-1986', 'DD-MM-YYYY'));
INSERT INTO Employe VALUES (3235, 'Charlotte', 'Perrin', 'MANAGER', TO_DATE('02-03-2018', 'DD-MM-YYYY'), 4000.00, 4, 35, 'charlotte.perrin@email.com', TO_DATE('26-05-1987', 'DD-MM-YYYY'));
INSERT INTO Employe VALUES (3236, 'Alexandre', 'Dubois', 'POLYVALENT', TO_DATE('06-08-2019', 'DD-MM-YYYY'), 3500.00, 2, 32, 'alexandre.dubois@email.com', TO_DATE('30-07-1990', 'DD-MM-YYYY'));
INSERT INTO Employe VALUES (3237, 'Catherine', 'Durand', 'CHEF', TO_DATE('10-12-2020', 'DD-MM-YYYY'), 4600.00, 5, 40, 'catherine.durand@email.com', TO_DATE('04-02-1985', 'DD-MM-YYYY'));
INSERT INTO Employe VALUES (3238, 'Guillaume', 'Robert', 'MANAGER', TO_DATE('15-04-2021', 'DD-MM-YYYY'), 4200.00, 3, 35, 'guillaume.robert@email.com', TO_DATE('11-08-1988', 'DD-MM-YYYY'));
INSERT INTO Employe VALUES (3239, 'Elodie', 'Morel', 'POLYVALENT', TO_DATE('19-09-2022', 'DD-MM-YYYY'), 3300.00, 1, 28, 'elodie.morel@email.com', TO_DATE('18-10-1989', 'DD-MM-YYYY'));
INSERT INTO Employe VALUES (3240, 'Vincent', 'Richard', 'CHEF', TO_DATE('23-01-2023', 'DD-MM-YYYY'), 4700.00, 7, 38, 'vincent.richard@email.com', TO_DATE('09-01-1984', 'DD-MM-YYYY'));
INSERT INTO Employe VALUES (3241, 'Caroline', 'Girard', 'MANAGER', TO_DATE('29-05-2014', 'DD-MM-YYYY'), 3900.00, 4, 35, 'caroline.girard@email.com', TO_DATE('22-06-1987', 'DD-MM-YYYY'));
INSERT INTO Employe VALUES (3242, 'Olivier', 'Lambert', 'POLYVALENT', TO_DATE('03-10-2015', 'DD-MM-YYYY'), 3500.00, 2, 30, 'olivier.lambert@email.com', TO_DATE('14-07-1990', 'DD-MM-YYYY'));
INSERT INTO Employe VALUES (3243, 'Isabelle', 'Bonnet', 'CHEF', TO_DATE('07-02-2016', 'DD-MM-YYYY'), 4600.00, 5, 40, 'isabelle.bonnet@email.com', TO_DATE('27-04-1985', 'DD-MM-YYYY'));
INSERT INTO Employe VALUES (3244, 'Julien', 'Dupuis', 'MANAGER', TO_DATE('12-06-2017', 'DD-MM-YYYY'), 4100.00, 3, 35, 'julien.dupuis@email.com', TO_DATE('08-09-1988', 'DD-MM-YYYY'));
INSERT INTO Employe VALUES (3245, 'Emilie', 'Lopez', 'POLYVALENT', TO_DATE('16-11-2018', 'DD-MM-YYYY'), 3400.00, 1, 28, 'emilie.lopez@email.com', TO_DATE('19-12-1989', 'DD-MM-YYYY'));
INSERT INTO Employe VALUES (3246, 'Christophe', 'Gauthier', 'CHEF', TO_DATE('20-03-2019', 'DD-MM-YYYY'), 4800.00, 6, 38, 'christophe.gauthier@email.com', TO_DATE('02-03-1986', 'DD-MM-YYYY'));

------- Magasin -------
-- France
INSERT INTO Magasin VALUES (10001, 'Paris', '75000', 'France', 20, 300.0, 9, 18, TO_DATE('01-01-2010', 'DD-MM-YYYY'));
INSERT INTO Magasin VALUES (10002, 'Paris', '75001', 'France', 15, 250.0, 10, 20, TO_DATE('15-06-2011', 'DD-MM-YYYY'));
INSERT INTO Magasin VALUES (10003, 'Paris', '75002', 'France', 18, 280.0, 8, 17, TO_DATE('21-03-2012', 'DD-MM-YYYY'));

INSERT INTO Magasin VALUES (10004, 'Lyon', '69000', 'France', 22, 320.0, 9, 18, TO_DATE('11-11-2013', 'DD-MM-YYYY'));
INSERT INTO Magasin VALUES (10005, 'Lyon', '69001', 'France', 17, 260.0, 10, 19, TO_DATE('03-07-2014', 'DD-MM-YYYY'));
INSERT INTO Magasin VALUES (10006, 'Lyon', '69002', 'France', 19, 290.0, 8, 18, TO_DATE('18-09-2015', 'DD-MM-YYYY'));

INSERT INTO Magasin VALUES (10007, 'Marseille', '13000', 'France', 21, 310.0, 9, 18, TO_DATE('07-02-2016', 'DD-MM-YYYY'));
INSERT INTO Magasin VALUES (10008, 'Marseille', '13001', 'France', 16, 270.0, 10, 20, TO_DATE('22-08-2017', 'DD-MM-YYYY'));
INSERT INTO Magasin VALUES (10009, 'Marseille', '13002', 'France', 20, 285.0, 8, 17, TO_DATE('12-12-2018', 'DD-MM-YYYY'));

-- Espagne
INSERT INTO Magasin VALUES (20001, 'Madrid', '28001', 'Espagne', 25, 350.0, 9, 19, TO_DATE('05-03-2010', 'DD-MM-YYYY'));
INSERT INTO Magasin VALUES (20002, 'Madrid', '28002', 'Espagne', 18, 290.0, 10, 18, TO_DATE('16-07-2011', 'DD-MM-YYYY'));
INSERT INTO Magasin VALUES (20003, 'Madrid', '28003', 'Espagne', 20, 305.0, 8, 17, TO_DATE('27-10-2012', 'DD-MM-YYYY'));

INSERT INTO Magasin VALUES (20004, 'Barcelone', '08001', 'Espagne', 22, 330.0, 9, 18, TO_DATE('09-01-2013', 'DD-MM-YYYY'));
INSERT INTO Magasin VALUES (20005, 'Barcelone', '08002', 'Espagne', 15, 250.0, 10, 20, TO_DATE('20-04-2014', 'DD-MM-YYYY'));
INSERT INTO Magasin VALUES (20006, 'Barcelone', '08003', 'Espagne', 19, 280.0, 8, 18, TO_DATE('03-08-2015', 'DD-MM-YYYY'));

INSERT INTO Magasin VALUES (20007, 'Valence', '46001', 'Espagne', 23, 340.0, 9, 19, TO_DATE('15-12-2016', 'DD-MM-YYYY'));
INSERT INTO Magasin VALUES (20008, 'Valence', '46002', 'Espagne', 16, 265.0, 10, 17, TO_DATE('28-02-2017', 'DD-MM-YYYY'));
INSERT INTO Magasin VALUES (20009, 'Valence', '46003', 'Espagne', 21, 295.0, 8, 16, TO_DATE('11-06-2018', 'DD-MM-YYYY'));

-- Italie
INSERT INTO Magasin VALUES (30001, 'Rome', '00118', 'Italie', 24, 360.0, 9, 18, TO_DATE('02-03-2010', 'DD-MM-YYYY'));
INSERT INTO Magasin VALUES (30002, 'Rome', '00119', 'Italie', 17, 275.0, 10, 20, TO_DATE('13-05-2011', 'DD-MM-YYYY'));
INSERT INTO Magasin VALUES (30003, 'Rome', '00120', 'Italie', 19, 290.0, 8, 17, TO_DATE('24-09-2012', 'DD-MM-YYYY'));

INSERT INTO Magasin VALUES (30004, 'Milan', '20121', 'Italie', 26, 345.0, 9, 19, TO_DATE('06-01-2013', 'DD-MM-YYYY'));
INSERT INTO Magasin VALUES (30005, 'Milan', '20122', 'Italie', 14, 240.0, 10, 18, TO_DATE('19-03-2014', 'DD-MM-YYYY'));
INSERT INTO Magasin VALUES (30006, 'Milan', '20123', 'Italie', 20, 305.0, 8, 18, TO_DATE('01-07-2015', 'DD-MM-YYYY'));

INSERT INTO Magasin VALUES (30007, 'Naples', '80121', 'Italie', 22, 330.0, 9, 18, TO_DATE('14-11-2016', 'DD-MM-YYYY'));
INSERT INTO Magasin VALUES (30008, 'Naples', '80122', 'Italie', 18, 285.0, 10, 19, TO_DATE('27-01-2017', 'DD-MM-YYYY'));
INSERT INTO Magasin VALUES (30009, 'Naples', '80123', 'Italie', 23, 310.0, 8, 17, TO_DATE('10-05-2018', 'DD-MM-YYYY'));

-- Allemagne
INSERT INTO Magasin VALUES (40001, 'Berlin', '10115', 'Allemagne', 21, 340.0, 9, 18, TO_DATE('07-02-2010', 'DD-MM-YYYY'));
INSERT INTO Magasin VALUES (40002, 'Berlin', '10117', 'Allemagne', 16, 260.0, 10, 19, TO_DATE('18-06-2011', 'DD-MM-YYYY'));
INSERT INTO Magasin VALUES (40003, 'Berlin', '10119', 'Allemagne', 20, 300.0, 8, 17, TO_DATE('29-10-2012', 'DD-MM-YYYY'));

INSERT INTO Magasin VALUES (40004, 'Munich', '80331', 'Allemagne', 25, 350.0, 9, 18, TO_DATE('12-02-2013', 'DD-MM-YYYY'));
INSERT INTO Magasin VALUES (40005, 'Munich', '80333', 'Allemagne', 14, 245.0, 10, 20, TO_DATE('23-04-2014', 'DD-MM-YYYY'));
INSERT INTO Magasin VALUES (40006, 'Munich', '80335', 'Allemagne', 18, 275.0, 8, 16, TO_DATE('05-08-2015', 'DD-MM-YYYY'));

INSERT INTO Magasin VALUES (40007, 'Francfort', '60311', 'Allemagne', 22, 320.0, 9, 19, TO_DATE('16-12-2016', 'DD-MM-YYYY'));
INSERT INTO Magasin VALUES (40008, 'Francfort', '60313', 'Allemagne', 17, 270.0, 10, 17, TO_DATE('29-03-2017', 'DD-MM-YYYY'));
INSERT INTO Magasin VALUES (40009, 'Francfort', '60318', 'Allemagne', 19, 290.0, 8, 18, TO_DATE('09-07-2018', 'DD-MM-YYYY'));

------- Produit -------
-- Inserts pour les iPhones
INSERT INTO Produit VALUES ('IPN001', 'iPhone 12', 'rouge', '12', 'smartphone', 'Pro Max', 64, TO_DATE('23-10-2020', 'DD-MM-YYYY'), 1099, 24, 'iOS 14');
INSERT INTO Produit VALUES ('IPN002', 'iPhone 13', 'noir', '13', 'smartphone', 'Pro', 128, TO_DATE('24-09-2021', 'DD-MM-YYYY'), 999, 24, 'iOS 15');
INSERT INTO Produit VALUES ('IPN003', 'iPhone 11', 'blanc', '11', 'smartphone', 'Standard', 256, TO_DATE('20-09-2019', 'DD-MM-YYYY'), 699, 24, 'iOS 13');
INSERT INTO Produit VALUES ('IPN004', 'iPhone 12', 'gris', '12', 'smartphone', 'Mini', 128, TO_DATE('23-10-2020', 'DD-MM-YYYY'), 699, 24, 'iOS 14');
INSERT INTO Produit VALUES ('IPN005', 'iPhone 13', 'blue', '13', 'smartphone', 'Pro Max', 256, TO_DATE('24-09-2021', 'DD-MM-YYYY'), 1199, 24, 'iOS 15');
INSERT INTO Produit VALUES ('IPN006', 'iPhone 11', 'noir', '11', 'smartphone', 'Pro', 64, TO_DATE('20-09-2019', 'DD-MM-YYYY'), 999, 24, 'iOS 13');

-- Inserts pour les Mac
INSERT INTO Produit VALUES ('MAC001', 'MacBook Pro', 'gris', '2021', 'ordinateur', 'Pro 13"', 256, TO_DATE('18-11-2021', 'DD-MM-YYYY'), 1299, 24, 'macOS Monterey');
INSERT INTO Produit VALUES ('MAC002', 'MacBook Air', 'rouge', '2020', 'ordinateur', 'Air', 512, TO_DATE('15-07-2020', 'DD-MM-YYYY'), 999, 24, 'macOS Big Sur');
INSERT INTO Produit VALUES ('MAC003', 'MacBook Pro', 'noir', '2021', 'ordinateur', 'Pro 16"', 1024, TO_DATE('18-11-2021', 'DD-MM-YYYY'), 2499, 24, 'macOS Monterey');

-- Inserts pour les écouteurs
INSERT INTO Produit VALUES ('EAR001', 'AirPods Pro', 'blanc', '1', 'ecouteurs', 'Pro', NULL, TO_DATE('30-10-2019', 'DD-MM-YYYY'), 249, 12, '1ère Génération');
INSERT INTO Produit VALUES ('EAR002', 'AirPods', 'blanc', '2', 'ecouteurs', 'Standard', NULL, TO_DATE('20-03-2019', 'DD-MM-YYYY'), 159, 12, '2ème Génération');
INSERT INTO Produit VALUES ('EAR003', 'AirPods Max', 'blanc', '1', 'ecouteurs', 'Max', NULL, TO_DATE('15-12-2020', 'DD-MM-YYYY'), 549, 12, '1ère Génération');

-- Inserts pour les iPad
INSERT INTO Produit VALUES ('IPD001', 'iPad Pro', 'blue', '2021', 'tablette', 'Pro 12.9"', 128, TO_DATE('21-05-2021', 'DD-MM-YYYY'), 1099, 24, 'iOS 14');
INSERT INTO Produit VALUES ('IPD002', 'iPad Air', 'rouge', '2020', 'tablette', 'Air', 256, TO_DATE('23-10-2020', 'DD-MM-YYYY'), 749, 24, 'iOS 14');
INSERT INTO Produit VALUES ('IPD003', 'iPad Mini', 'gris', '2021', 'tablette', 'Mini', 64, TO_DATE('24-09-2021', 'DD-MM-YYYY'), 499, 24, 'iOS 15');

------- Dates -------
INSERT INTO Dates VALUES (24052022, TO_DATE('24-05-2022', 'DD-MM-YYYY'), 2, 21, 5, 2, 2022, 'N', 'N', 'Printemps');
INSERT INTO Dates VALUES (24012023, TO_DATE('24-01-2023', 'DD-MM-YYYY'), 2, 4, 1, 1, 2023, 'N', 'N', 'Hiver');
INSERT INTO Dates VALUES (22122022, TO_DATE('22-12-2022', 'DD-MM-YYYY'), 4, 51, 12, 4, 2022, 'N', 'Y', 'Hiver');
INSERT INTO Dates VALUES (24042022, TO_DATE('24-04-2022', 'DD-MM-YYYY'), 7, 17, 4, 2, 2022, 'N', 'N', 'Printemps');
INSERT INTO Dates VALUES (15122022, TO_DATE('15-12-2022', 'DD-MM-YYYY'), 4, 50, 12, 4, 2022, 'N', 'Y', 'Hiver');
INSERT INTO Dates VALUES (15052022, TO_DATE('15-05-2022', 'DD-MM-YYYY'), 7, 20, 5, 2, 2022, 'N', 'N', 'Printemps');
INSERT INTO Dates VALUES (22122021, TO_DATE('22-12-2021', 'DD-MM-YYYY'), 3, 51, 12, 4, 2021, 'N', 'Y', 'Hiver');
INSERT INTO Dates VALUES (16052022, TO_DATE('16-05-2022', 'DD-MM-YYYY'), 1, 20, 5, 2, 2022, 'N', 'N', 'Printemps');
INSERT INTO Dates VALUES (22102022, TO_DATE('22-10-2022', 'DD-MM-YYYY'), 6, 42, 10, 4, 2022, 'N', 'N', 'Automne');
INSERT INTO Dates VALUES (11122022, TO_DATE('11-12-2022', 'DD-MM-YYYY'), 7, 50, 12, 4, 2022, 'N', 'Y', 'Hiver');
INSERT INTO Dates VALUES (25012022, TO_DATE('25-01-2022', 'DD-MM-YYYY'), 2, 4, 1, 1, 2022, 'N', 'N', 'Hiver');
INSERT INTO Dates VALUES (25122022, TO_DATE('25-12-2022', 'DD-MM-YYYY'), 7, 52, 12, 4, 2022, 'Y', 'N', 'Hiver');
INSERT INTO Dates VALUES (15102022, TO_DATE('15-10-2022', 'DD-MM-YYYY'), 6, 41, 10, 4, 2022, 'N', 'N', 'Automne');
INSERT INTO Dates VALUES (12112022, TO_DATE('12-11-2022', 'DD-MM-YYYY'), 6, 45, 11, 4, 2022, 'N', 'N', 'Automne');
INSERT INTO Dates VALUES (19072022, TO_DATE('19-07-2022', 'DD-MM-YYYY'), 2, 29, 7, 3, 2022, 'N', 'N', 'Été');
INSERT INTO Dates VALUES (12062023, TO_DATE('12-06-2023', 'DD-MM-YYYY'), 1, 24, 6, 2, 2023, 'N', 'N', 'Été');
INSERT INTO Dates VALUES (19072023, TO_DATE('19-07-2023', 'DD-MM-YYYY'), 3, 29, 7, 3, 2023, 'N', 'N', 'Été');
INSERT INTO Dates VALUES (19122023, TO_DATE('19-12-2023', 'DD-MM-YYYY'), 2, 51, 12, 4, 2023, 'N', 'Y', 'Hiver');
INSERT INTO Dates VALUES (22022023, TO_DATE('22-02-2023', 'DD-MM-YYYY'), 3, 8, 2, 1, 2023, 'N', 'N', 'Hiver');
INSERT INTO Dates VALUES (17022023, TO_DATE('17-02-2023', 'DD-MM-YYYY'), 5, 7, 2, 1, 2023, 'N', 'N', 'Hiver');
INSERT INTO Dates VALUES (17112023, TO_DATE('17-11-2023', 'DD-MM-YYYY'), 5, 46, 11, 4, 2023, 'N', 'N', 'Automne');
INSERT INTO Dates VALUES (22102023, TO_DATE('22-10-2023', 'DD-MM-YYYY'), 7, 42, 10, 4, 2023, 'N', 'N', 'Automne');
INSERT INTO Dates VALUES (01122023, TO_DATE('01-12-2023', 'DD-MM-YYYY'), 5, 48, 12, 4, 2023, 'N', 'Y', 'Hiver');
INSERT INTO Dates VALUES (02122023, TO_DATE('02-12-2023', 'DD-MM-YYYY'), 6, 48, 12, 4, 2023, 'N', 'Y', 'Hiver');
INSERT INTO Dates VALUES (22042023, TO_DATE('22-04-2023', 'DD-MM-YYYY'), 6, 16, 4, 2, 2023, 'N', 'N', 'Printemps');
INSERT INTO Dates VALUES (04032023, TO_DATE('04-03-2023', 'DD-MM-YYYY'), 6, 9, 3, 1, 2023, 'N', 'N', 'Printemps');
INSERT INTO Dates VALUES (09012023, TO_DATE('09-01-2023', 'DD-MM-YYYY'), 1, 2, 1, 1, 2023, 'N', 'N', 'Hiver');
INSERT INTO Dates VALUES (12032023, TO_DATE('12-03-2023', 'DD-MM-YYYY'), 7, 11, 3, 1, 2023, 'N', 'N', 'Printemps');
INSERT INTO Dates VALUES (05092023, TO_DATE('05-09-2023', 'DD-MM-YYYY'), 2, 36, 9, 3, 2023, 'N', 'N', 'Automne');
INSERT INTO Dates VALUES (10012023, TO_DATE('10-01-2023', 'DD-MM-YYYY'), 2, 2, 1, 1, 2023, 'N', 'N', 'Hiver');

------- Vente -------
INSERT INTO Vente VALUES (1, 'IPN001', 10001, 3222, 1001, 24052022, 1100.00, 920.00, 5);
INSERT INTO Vente VALUES (2, 'IPN002', 10002, 3223, 1002, 24012023, 1000.00, 840.00, 4);
INSERT INTO Vente VALUES (3, 'IPN003', 10003, 3224, 1003, 22122022, 700.00, 590.00, 3);
INSERT INTO Vente VALUES (4, 'IPN004', 10004, 3225, 1004, 24042022, 700.00, 590.00, 4);
INSERT INTO Vente VALUES (5, 'IPN005', 10005, 3226, 1005, 15122022, 1200.00, 1008.00, 5);
INSERT INTO Vente VALUES (6, 'IPN006', 10006, 3227, 1006, 15052022, 1000.00, 840.00, 4);
INSERT INTO Vente VALUES (7, 'MAC001', 10007, 3228, 1007, 22122021, 1300.00, 1092.00, 5);
INSERT INTO Vente VALUES (8, 'MAC002', 10008, 3229, 1008, 16052022, 1000.00, 840.00, 4);
INSERT INTO Vente VALUES (9, 'MAC003', 10009, 3230, 1009, 22102022, 2500.00, 2100.00, 5);
INSERT INTO Vente VALUES (10, 'EAR001', 20001, 3231, 1010, 11122022, 250.00, 210.00, 4);
INSERT INTO Vente VALUES (11, 'EAR002', 20002, 3232, 1011, 25012022, 160.00, 134.40, 3);
INSERT INTO Vente VALUES (12, 'EAR003', 20003, 3233, 1012, 25122022, 550.00, 462.00, 5);
INSERT INTO Vente VALUES (13, 'IPD001', 20004, 3234, 1013, 15102022, 1100.00, 924.00, 4);
INSERT INTO Vente VALUES (14, 'IPD002', 20005, 3235, 1014, 12112022, 750.00, 630.00, 3);
INSERT INTO Vente VALUES (15, 'IPD003', 20006, 3236, 1015, 19072022, 500.00, 420.00, 4);
INSERT INTO Vente VALUES (16, 'IPN001', 20007, 3237, 1016, 12062023, 1100.00, 924.00, 5);
INSERT INTO Vente VALUES (17, 'IPN002', 20008, 3238, 1017, 19072023, 1000.00, 840.00, 4);
INSERT INTO Vente VALUES (18, 'IPN003', 20009, 3239, 1018, 19122023, 700.00, 588.00, 3);
INSERT INTO Vente VALUES (19, 'IPN004', 30001, 3240, 1019, 22022023, 700.00, 588.00, 4);
INSERT INTO Vente VALUES (20, 'IPN005', 30002, 3241, 1020, 17022023, 1200.00, 1008.00, 5);
INSERT INTO Vente VALUES (21, 'IPN006', 30003, 3242, 1021, 17112023, 1000.00, 840.00, 4);
INSERT INTO Vente VALUES (22, 'MAC001', 30004, 3243, 1022, 22102023, 1300.00, 1092.00, 5);
INSERT INTO Vente VALUES (23, 'MAC002', 30005, 3244, 1019, 01122023, 1000.00, 840.00, 4);
INSERT INTO Vente VALUES (24, 'MAC003', 30006, 3245, 1016, 02122023, 2500.00, 2100.00, 5);
INSERT INTO Vente VALUES (25, 'EAR001', 30007, 3246, 1005, 22042023, 250.00, 210.00, 4);
INSERT INTO Vente VALUES (26, 'EAR002', 30008, 3241, 1001, 04032023, 160.00, 134.40, 3);
INSERT INTO Vente VALUES (27, 'EAR003', 30009, 3245, 1020, 09012023, 550.00, 462.00, 5);
INSERT INTO Vente VALUES (28, 'IPD001', 40001, 3230, 1010, 12032023, 1100.00, 924.00, 4);
INSERT INTO Vente VALUES (29, 'IPD002', 40002, 3232, 1022, 05092023, 750.00, 630.00, 3);
INSERT INTO Vente VALUES (30, 'IPD003', 40003, 3233, 1005, 10012023, 500.00, 420.00, 4);
